task,verdict,reason
reshard-c4-data,likely_inconsistent,"NOT runs L001, L045, L117, L151 all put too many items in the output root, the same 30-item miss that ANCHORED L405 quotes as 'Maximum 30 files or folders'."
acl-permissions-inheritance,likely_inconsistent,"Quotes: L090, L126, L129, L320 all never read the spec and guessed the ACLs, but L320 quotes the 'research' group line while the others quote 'Create directory'; NOT L229 is a different failure (wrong path after misread output)."
add-benchmark-lm-eval-harness,likely_inconsistent,"NOT L316 used product_id as product_title, the same miss that ANCHORED L047 and L168 quote as 'the product title'."
aimo-airline-departures,likely_inconsistent,"NOT L101 maximized the gap instead of the guaranteed minimum, the same miss that ANCHORED L120 quotes as 'regardless of the departure times'."
audio-synth-stft-peaks,likely_inconsistent,"NOT L304 wrote peaks.csv without its header row, the same miss that ANCHORED L147 and L257 quote as the peaks.csv columns line."
bank-trans-filter,likely_inconsistent,"NOT L186 hardcoded account numbers and missed typo variants, the same miss that ANCHORED L077 quotes as 'The file may contain typos'."
build-cython-ext,likely_inconsistent,"Three pairs match: NOT L035 vs ANCHORED L264 (not installed in global Python), NOT L242 vs ANCHORED L350 (changed system NumPy), NOT L288 vs ANCHORED L331 (missed np.int in ccomplexity)."
build-pov-ray,different_failures,"NOT runs never found the source or skipped patches, while ANCHORED runs switched to another POV-Ray version."
cancel-async-tasks,different_failures,"NOT L197 failed the completion signal, while ANCHORED L285 used the wrong return type."
chem-rf,different_failures,"NOT runs trained on dummy data or never ran training, while ANCHORED L060 never made the correlation negative."
chess-best-move,likely_inconsistent,"NOT L391 wrote generic opening moves unrelated to the board, the same miss as ANCHORED L109 and L234."
configure-git-webserver,likely_inconsistent,"NOT L135 never did the git push so hello.html was never deployed, the same miss as ANCHORED L016."
constraints-scheduling,different_failures,"Quotes differ because the misses differ: L124 picked a slot that conflicts with the calendar, L300 invented the constraints."
count-call-stack,different_failures,"NOT runs misread the log format, while ANCHORED L038 invented its own output format."
count-dataset-tokens,cannot_tell,"NOT L221 and L407 dropped one deepseek field and UNCLEAR L351 added an extra field, so both concern which fields count, but they miss in opposite directions; the ANCHORED tokenizer runs are a different failure."
create-bucket,different_failures,"NOT L241 used a guessed bucket name, while ANCHORED L215 never created the bucket after a credential error."
extract-elf,cannot_tell,"NOT L311 used the 'wrong section scope' and ANCHORED L026 left out .text, which may be the same miss, but FaaP's text for L311 is too vague to tell."
extract-moves-from-video,different_failures,"NOT L125 stalled on an install, while ANCHORED runs could not download the video and made up moves."
filter-js-from-html,cannot_tell,"NOT L155 'corrupts valid HTML structure', which overlaps with ANCHORED L048 (did not preserve the HTML), but L155's main failure is missing XSS vectors."
find-official-code,different_failures,"NOT L049 was blocked by the network, while ANCHORED L152 accepted search results without checking the authors."
git-multibranch,different_failures,"NOT runs used the wrong user name, wrong hash or wrong web root, while ANCHORED L404 dropped password login."
gpt2-codegolf,likely_inconsistent,"Quotes: L057, L375, L388 all replaced real weight loading with a placeholder but quote three different lines; NOT L317 tried to load the weights and parsed them wrongly, a different failure."
heterogeneous-dates,different_failures,"NOT L385 rounded to 2 decimals, while ANCHORED L169 paired rows by line order."
hf-lora-adapter,different_failures,"Quotes differ because the misses differ: L123 saved adapter files into the base model folder, L262 made up results."
hf-train-lora-adapter,likely_inconsistent,"NOT L363 wrote a fake 8-byte safetensors file, the same miss as ANCHORED L100 and L178 (fake adapter), and the ANCHORED runs quote different lines for that same miss."
ilp-solver,different_failures,"Both are output-format errors but different ones: NOT L357 missed two decimals, ANCHORED L254 printed literal brackets."
incompatible-python-fasttext,cannot_tell,"NOT L173 installed fasttext into the wrong environment, which overlaps with ANCHORED L216 (not the default system Python), but L173's main failure was a misread output."
install-windows-3.11,different_failures,"NOT runs mostly used the wrong QEMU monitor socket, while ANCHORED runs dropped nginx (L145) or changed the VNC port (L386)."
install-windows-xp,likely_inconsistent,"NOT L024 and L056 made a qcow2 disk instead of raw, the same miss as ANCHORED L105 and L187."
intrusion-detection,likely_inconsistent,"Many NOT runs (L006, L042, L104, L159, L164, L258, L340) wrote output to /app/reports instead of /app, the same miss that ANCHORED L146 and L222 quote."
leelachess0-pytorch-conversion,likely_inconsistent,"NOT L403 fell back to a placeholder model with no real weights, the same miss as ANCHORED L028 (random weights)."
mahjong-winninghand,different_failures,"NOT L253 polluted the input folder, while ANCHORED L115 dropped the quote marks in the output."
mcmc-sampling-stan,likely_inconsistent,"NOT L213 and L410 replaced rstan sampling with MAP or method-of-moments, the same miss as ANCHORED L083, L184, L284."
mlflow-register,cannot_tell,"NOT L265 and L272 never registered the model, and ANCHORED L274 and L306 also mishandled registration, but their quotes point at the server line, so the anchored miss may differ."
modernize-fortran-build,different_failures,"NOT L376 used a too-strict compiler flag, while ANCHORED L289 deleted the protected output.txt."
movie-helper,likely_inconsistent,"UNCLEAR L043 treated the task as random data generation, the same failure as NOT L114, L268, L346, L365."
mteb-eval,different_failures,"NOT L074 used the Python API and broke, while ANCHORED runs made up the results."
mteb-leaderboard,cannot_tell,"NOT L010 guessed a model name and ANCHORED L353 guessed from old knowledge, but L353 is anchored on the date, and FaaP does not say if L010's guess was outdated."
mteb-retrieve,likely_inconsistent,"NOT L019 and L372 bypassed mteb for plain SentenceTransformer, the same miss as ANCHORED L013, L191, L198, L342."
multi-source-data-merger,likely_inconsistent,"Quotes: L003, L055, L157 all made up input data but quote three different lines; NOT L202 is a different failure (missing field mapping)."
neuron-to-jaxley-conversion,cannot_tell,"NOT L235 and ANCHORED L247 both used a Jaxley API that does not exist, but L247 is anchored on its faked validation, which L235 did not do."
parallelize-graph,different_failures,"NOT runs had bugs or a dead UPC install, while ANCHORED runs switched from UPC to pthreads."
path-tracing,different_failures,"NOT runs guessed pixel patterns, while ANCHORED L281 linked to image.ppm."
path-tracing-reverse,different_failures,"NOT runs approximated the image or failed the completion signal, while ANCHORED runs never wrote mystery.c."
play-zork-easy,likely_inconsistent,"NOT L322 sent commands to a game that was not running and made up an answer, the same failure as ANCHORED L210; NOT L356 made up the ending like ANCHORED L343."
protein-assembly,likely_inconsistent,"NOT L087, L097, L409 misidentified the antibody target or the SMILES molecule, the same miss as ANCHORED L119 and L214."
puzzle-solver,likely_inconsistent,"UNCLEAR L338 added a start-state row and extra BFS layers, the same failure as NOT L162, L165, L208."
pytorch-model-cli,cannot_tell,"NOT L321 delivered a Python script instead of a C binary, which ANCHORED L199 and L252 also did, but they also used fake weights."
rare-mineral-allocation,different_failures,"NOT runs saved to the wrong file (not /app/solution.txt), while ANCHORED L039 never output the solution vector."
regex-chess,different_failures,"NOT runs misunderstood the FEN format, while ANCHORED runs hardcoded lookup tables."
sam-cell-seg,likely_inconsistent,"NOT L132, L220, L249 left out the no-overlap rule, the same miss that ANCHORED L303 quotes as 'there should be no overlap'."
speech-to-text,different_failures,"NOT L171 failed the completion signal, while ANCHORED L149 hardcoded the transcription."
spinning-up-rl,different_failures,"NOT L021 broke its shell session, while ANCHORED runs used the wrong output path or faked verification."
stable-parallel-kmeans,different_failures,"NOT L098 wrote a too-slow algorithm, while ANCHORED L176 used the wrong file names."
triton-interpret,different_failures,"NOT L397 broke interpreter limits, ANCHORED runs used the banned tl.sum, and L315 (different quote) broke RMSNorm."
vul-flask,different_failures,"NOT runs had weak escaping or a syntax error, while ANCHORED runs added a new safe function instead of fixing the old one."
vul-flink,likely_inconsistent,"NOT L095 skipped the Maven rebuild for standalone tests, the same failure as ANCHORED L182 and UNCLEAR L355."
write-compressor,different_failures,"NOT runs wrote broken encoders, while ANCHORED L140 changed the decompressor."
