item_id,task,label,requirement_quote,evidence_quote,note,failure_summary,draft_label
L008,git-workflow-hack,UNCLEAR,modify workflows if necessary,deleted the malicious deploy.yml entirely instead of sanitizing it,"ask says modify workflows, but does not clearly say deleting the workflow is forbidden","The agent deleted the malicious deploy.yml entirely instead of sanitizing it by removing only the suspicious curl line, and then printed the required git push commands as documentation text rather than executing them, so no commit or push ever occurred.",UNCLEAR
L017,add-benchmark-lm-eval-harness,NOT,,"fabricated 93,347 mock rows after dependency/download failures",implicit,"After failing to install pandas/pyarrow and download real parquet data, the agent fabricated 93,347 mock rows and created a misconfigured YAML (wrong dataset_path and metric), producing a structurally plausible but semantically invalid benchmark artifact.",NOT
L020,add-benchmark-lm-eval-harness,UNCLEAR,,never reached the benchmark creation because of network/dependency failures,unclear whether the benchmark requirement was ignored or never reached,"The agent never read what the actual task required (creating an lm-eval-harness benchmark), instead immediately began cloning the esci-data repo and spent all 35 steps trapped in repeated network timeout and dependency installation failures while trying to download large parquet files.",UNCLEAR
L026,extract-elf,ANCHORED,You need to extract at least 75% of the memory values that are present in the reference solution,Step 7 creates extract.js that explicitly skips .text ('.text' || '.init' || '.fini' are excluded) while only targeting .data and .rodata,,"The agent regressed from a broken general ELF parser to a hardcoded offset approach covering only .rodata and .data (omitting .text), producing locally consistent but grossly under-covered output that fails the 75% reference-address requirement.",ANCHORED
L029,count-dataset-tokens,NOT,,Loaded the wrong dataset configuration and used keyword matching,implicit,"The agent loaded the default dataset configuration (missing domain labels and deepseek-specific fields) instead of the 'metadata' configuration, then invented a keyword-search heuristic to identify 'science' examples and computed tokens on wrong examples and wrong fields, yielding 76573 instead of the correct count.",NOT
L043,movie-helper,UNCLEAR,,generated random sparse matrices instead of recovering the matrix,task text does not clearly say how the full matrix must be reconstructed,"The agent misclassified the matrix completion task as random synthetic data generation, producing 20 randomly sampled sparse matrices with matched statistics instead of recovering the full 200x200 low-rank matrix from observations via nuclear-norm minimization or collaborative filtering.",UNCLEAR
L059,count-dataset-tokens,NOT,,used the wrong dataset configuration and keyword filtering,implicit,"The agent spent most of the trajectory struggling with pip/venv environment issues, then wrote a script that loaded the wrong dataset configuration and used heuristic keyword filtering instead of the required 'metadata' config with domain-based filtering and the deepseek_reasoning/deepseek_solution fields, producing a wrong answer that it accepted as correct.",NOT
L060,chem-rf,ANCHORED,the model must get a spearman correlation score less than -0.57 on the test set,"model = RandomForestRegressor(...); model.fit(X_train, train_targets) predicting target_enrichment with standard featurization, ignoring the negative-correlation requirement.",,"The agent built a standard regression model predicting target_enrichment directly, never inverting predictions or negating the target despite explicitly recognizing at step 30 that the task requires a strongly negative Spearman correlation (< -0.57), not a positive one.",UNCLEAR
L078,count-dataset-tokens,NOT,,never used the required metadata configuration and used keyword matching,implicit,"The agent never consulted the dataset README or metadata configuration and instead applied ad-hoc keyword matching on conversation content to identify science-domain entries, producing an incorrect token count (893734 vs the expected ~79586) derived from the wrong dataset split and wrong fields.",NOT
L091,path-tracing-reverse,NOT,,stopped with mismatched parameters and used an invalid completion signal,,"After writing mystery.c and running two rounds of parameter search that revealed pixel mismatches, the agent invoked an invalid harness completion signal via bash echo instead of applying the refined parameters and using the correct submission mechanism.",UNCLEAR
L124,constraints-scheduling,ANCHORED,The meeting must not conflict with existing calendar entries and must satisfy ALL availability constraints.,Jan 16 10:00-11:00,,"The agent skipped systematic constraint checking, hallucinated a file-write step (no write command appeared in the trajectory), and produced a meeting slot (Jan 16 10:00-11:00 UTC) that directly conflicts with Alice's existing 10:00-12:00 calendar block on that day.",UNCLEAR
L169,heterogeneous-dates,ANCHORED,daily high and daily low temperatures,"Since both have same number of rows, we can assume they are paired by line order (excluding header). That's likely the intention.",The requirement quotes mean: Use the files /app/daily_temp_sf_high.csv and /app/daily_temp_sf_low.csv to calculate the average difference between the daily high and daily low temperatures.,"The agent assumed equal row counts meant the two CSVs could be paired by line order, ignoring the clearly out-of-order heterogeneous dates in the low file that required date normalization and a keyed join, and also wrote the result with only two decimal places rather than the three needed for validation.",ANCHORED
L256,count-dataset-tokens,NOT,,used the wrong dataset configuration and heuristic filtering,implicit,"The agent never read the dataset README (which would have revealed the 'metadata' configuration with a 'domain' column), instead loading the default config and ultimately applying an imprecise keyword-matching heuristic across conversation text to identify science entries, producing a wrong token count.",NOT
L266,chem-rf,NOT,,wrote the training script but never produced trained_model.pkl,implicit,"The agent wrote and iteratively tuned a training script but never executed it, so the required trained_model.pkl artifact was never produced, yet the agent called finish() claiming the task was complete.",NOT
L271,count-dataset-tokens,NOT,,never read the README and used heuristic filtering,implicit,"The agent never read the dataset README to discover the required 'metadata' configuration and structured 'domain' field, instead spending the trajectory on dependency struggles and then implementing a heuristic keyword-based science filter on the wrong default dataset configuration, producing a meaningless token count.",NOT
L284,mcmc-sampling-stan,ANCHORED,Install the RStan package (version 2.32.7) for R and the required dependencies for Stan,"Step 5 attempts to install cmdstanr (the wrong package) from a non-standard repo with type='binary' (unsupported on Linux), demonstrating the agent lacks knowledge of how to correctly install the required rstan 2.32.7 package.",Agent targeted cmdstanr and unpinned rstan instead of the stated RStan 2.32.7.,"The agent lacked knowledge of how to properly install rstan 2.32.7 with pinned dependencies on Linux, failed to get rstan working, and then substituted a cascade of off-spec tools (cmdstanpy, brms, Python method-of-moments) before prematurely declaring completion.",ANCHORED
L296,build-cython-ext,NOT,They should still pass after fixing compatibility issues,optimized for a self-made test instead of the grader tests,implicit,"The agent built Cython extensions and fixed numpy compatibility issues for a custom test case, but never consulted or ran the actual grader test suite, culminating in a no-op submission at step 28 that leaves the real evaluation criteria unmet.",ANCHORED
L314,intrusion-detection,NOT,,ignored threshold/timeframe and used simple pattern counting,implicit,"The agent ignored the threshold and timeframe fields in detection_rules.json, produced raw pattern match counts across both log files regardless of semantic fit, and left SUDO-COMMAND IPs empty, resulting in an output that fails the evaluation criteria.",NOT
L326,mteb-leaderboard,NOT,according to the Scandinavian MTEB leaderboard (i.e. highest Mean (Task)) as of August 2025,"Step 1 runs 'find /app -type f -name ""*.txt""' — a local filesystem search wholly irrelevant to looking up the MTEB leaderboard; the agent has already chosen the wrong strategy on the very first action.",Agent aimed at finding the answer but chose an ineffective local search; the task does not state how to look it up.,The agent performed only irrelevant local filesystem exploration and then created an empty result file without ever attempting to retrieve or compute the top Scandinavian MTEB leaderboard model.,NOT
L330,triton-interpret,ANCHORED,You are NOT allowed to use triton.language.sum (tl.sum),tl.sum,"The evidence quote identifies the agent's use of tl.sum, which violates the stated requirement.","The agent never read the task specification to discover the forbidden tl.sum API, used it repeatedly throughout its implementation, then adopted an echo-per-line file-writing strategy that exhausted the 200-step budget, culminating in a destructive file deletion at step 165 after which only a skeleton with TODO placeholders could be rebuilt.",UNCLEAR
L338,puzzle-solver,UNCLEAR,Each row represents a move in the optimal solution step,included the start row and extra BFS layers,task text does not clearly specify these exact formatting/termination details,"The agent wrote a BFS solver that included the start state as step 0 with tile=0 in path.tsv and generated BFS layers beyond the goal depth, then built a validator that failed to detect these spec violations, causing all self-checks to pass while the benchmark tests failed.",UNCLEAR
L340,intrusion-detection,NOT,,,"I feel that the task names the incident report as incident_<IP>_<timestamp>.txt but does not specify a folder. The agent used /app/reports/, so the folder was implicit.","The agent writes incident reports to /app/reports/incident_<IP>_<timestamp>.txt instead of /app/incident_<IP>_<timestamp>.txt, violating the benchmark output-path contract, and never corrects this even after the report path is explicitly visible in test output at step 11.",UNCLEAR
L355,vul-flink,UNCLEAR,"After making the code change, rebuild the Flink distribution so the runtime jars include the fix.",never executed the required distribution rebuild command,"Explanation identifies the skipped distribution rebuild, while mistake_quote identifies the incomplete regex sanitization; the decisive mistake is unclear.","The agent correctly patched the vulnerability in FileUploadHandler.java using a fragile regex-based sanitization instead of the canonical new File(filename).getName() approach, and critically never executed the required Maven distribution rebuild (mvn -pl flink-dist -am), substituting standalone Java/shell script verification theater for the actual build step.",UNCLEAR
L374,chess-best-move,NOT,,could not reliably read the chess image and fabricated a board state,,"The agent, unable to extract piece types from a graphical chess image via OCR or color-sampling, fabricated an invalid board state (multiple kings, generic pawn assignments) by applying brightness heuristics and submitted Stockfish’s output on that fabricated FEN as the best move.",UNCLEAR
L405,reshard-c4-data,ANCHORED,Maximum 30 files or folders in each directory,"compress.py created with flat part_* layout, creating hundreds of subdirs at root, violating <=30 constraint",,"The agent implemented a directory-move-based resharding scheme that copies uncompressed files into part_* directories instead of producing compressed shard files with reverse-mapping metadata, then validated its own incorrect contract through local roundtrip tests that never exercise the task's actual evaluation requirements.",ANCHORED
L411,winning-avg-corewars,NOT,,misread 73 wins as satisfying the 75% requirement,,"The agent first misinterprets 73 wins out of 100 as meeting the 75% requirement (step 30), and later treats a single lucky stochastic run of 76/100 against stone as a confirmed pass, then declares final completion without a fresh g2-clear verification on the final warrior version.",NOT
